[
    {
        "contributors": null,
        "coordinates": null,
        "created_at": "Thu Jan 11 08:20:07 +0000 2018",
        "entities": {
            "hashtags": [],
            "symbols": [],
            "urls": [],
            "user_mentions": []
        },
        "favorite_count": 0,
        "favorited": false,
        "geo": null,
        "id": 000000000000000000000,
        "id_str": "000000000000000000000",
        "in_reply_to_screen_name": null,
        "in_reply_to_status_id": null,
        "in_reply_to_status_id_str": null,
        "in_reply_to_user_id": null,
        "in_reply_to_user_id_str": null,
        "is_quote_status": false,
        "lang": "ja",
        "place": null,
        "retweet_count": 0,
        "retweeted": false,
        "source": "<a href=\"http://twitter.com\" rel=\"nofollow\">Twitter Web Client</a>",
        "text": "sample tweet data だよ",
        "truncated": false,
        "user": {
            "contributors_enabled": false,
            "created_at": "Tue May 24 06:26:20 +0000 2016",
            "default_profile": false,
            "default_profile_image": false,
            "description": "にゃお",
            "entities": {
                "description": {
                    "urls": []
                }
            },
            "favourites_count": 511,
            "follow_request_sent": false,
            "followers_count": 8,
            "following": true,
            "friends_count": 13,
            "geo_enabled": false,
            "has_extended_profile": false,
            "id":000000000000000000000,
            "id_str": "000000000000000000000",
            "is_translation_enabled": false,
            "is_translator": false,
            "lang": "ja",
            "listed_count": 1,
            "location": "hoge村",
            "name": "hoge",
            "notifications": false,
            "profile_background_color": "000000",
            "profile_background_image_url": "http://abs.twimg.com/images/themes/theme1/bg.png",
            "profile_background_image_url_https": "https://abs.twimg.com/images/themes/theme1/bg.png",
            "profile_background_tile": false,
            "profile_banner_url": "https://pbs.twimg.com/profile_banners/00000/00000",
            "profile_image_url": "http://pbs.twimg.com/profile_images/hoge.jpg",
            "profile_image_url_https": "https://pbs.twimg.com/profile_images/hogehoge_normal.jpg",
            "profile_link_color": "000000",
            "profile_sidebar_border_color": "000000",
            "profile_sidebar_fill_color": "000000",
            "profile_text_color": "000000",
            "profile_use_background_image": false,
            "protected": false,
            "screen_name": "sample",
            "statuses_count": 1049,
            "time_zone": "Pacific Time (US & Canada)",
            "translator_type": "none",
            "url": null,
            "utc_offset": -28800,
            "verified": false
        }
    },
    {
        "contributors": null,
        "coordinates": null,
        "created_at": "Thu Jan 11 08:20:07 +0000 2018",
        "entities": {
            "hashtags": [],
            "symbols": [],
            "urls": [],
            "user_mentions": []
        },
        "favorite_count": 0,
        "favorited": false,
        "geo": null,
        "id": 000000000000000000000,
        "id_str": "000000000000000000000",
        "in_reply_to_screen_name": null,
        "in_reply_to_status_id": null,
        "in_reply_to_status_id_str": null,
        "in_reply_to_user_id": null,
        "in_reply_to_user_id_str": null,
        "is_quote_status": false,
        "lang": "ja",
        "place": null,
        "retweet_count": 0,
        "retweeted": false,
        "source": "<a href=\"http://twitter.com\" rel=\"nofollow\">Twitter Web Client</a>",
        "text": "さんぷるさんぷる!",
        "truncated": false,
        "user": {
            "contributors_enabled": false,
            "created_at": "Tue May 24 06:26:20 +0000 2016",
            "default_profile": false,
            "default_profile_image": false,
            "description": "にゃお",
            "entities": {
                "description": {
                    "urls": []
                }
            },
            "favourites_count": 511,
            "follow_request_sent": false,
            "followers_count": 8,
            "following": true,
            "friends_count": 13,
            "geo_enabled": false,
            "has_extended_profile": false,
            "id":000000000000000000000,
            "id_str": "000000000000000000000",
            "is_translation_enabled": false,
            "is_translator": false,
            "lang": "ja",
            "listed_count": 1,
            "location": "hoge村",
            "name": "hoge",
            "notifications": false,
            "profile_background_color": "000000",
            "profile_background_image_url": "http://abs.twimg.com/images/themes/theme1/bg.png",
            "profile_background_image_url_https": "https://abs.twimg.com/images/themes/theme1/bg.png",
            "profile_background_tile": false,
            "profile_banner_url": "https://pbs.twimg.com/profile_banners/00000/00000",
            "profile_image_url": "http://pbs.twimg.com/profile_images/hoge.jpg",
            "profile_image_url_https": "https://pbs.twimg.com/profile_images/hogehoge_normal.jpg",
            "profile_link_color": "000000",
            "profile_sidebar_border_color": "000000",
            "profile_sidebar_fill_color": "000000",
            "profile_text_color": "000000",
            "profile_use_background_image": false,
            "protected": false,
            "screen_name": "sample",
            "statuses_count": 1049,
            "time_zone": "Pacific Time (US & Canada)",
            "translator_type": "none",
            "url": null,
            "utc_offset": -28800,
            "verified": false
        }
    }
]
